<?xml version="1.0" encoding="UTF-8"?>
<beans xmlns="http://www.springframework.org/schema/beans"
	xmlns:xsi="http://www.w3.org/2001/XMLSchema-instance" xmlns:context="http://www.springframework.org/schema/context"
	xmlns:tx="http://www.springframework.org/schema/tx"
	xsi:schemaLocation="http://www.springframework.org/schema/beans http://www.springframework.org/schema/beans/spring-beans.xsd
		http://www.springframework.org/schema/tx http://www.springframework.org/schema/tx/spring-tx.xsd
		http://www.springframework.org/schema/context http://www.springframework.org/schema/context/spring-context.xsd">

	<!-- Configuration for the rewards application. Beans here define the heart 
		of the application logic. -->

	<context:annotation-config />

	<tx:annotation-driven />

	<!-- Provides access to accounts -->
	<bean id="accountManager" class="rewardsonline.accounts.service.JpaAccountManager" />

	<!--  JPA configuration -->
	<bean id="emFactory"
		class="org.springframework.orm.jpa.LocalContainerEntityManagerFactoryBean">
		<property name="dataSource" ref="dataSource" />
		<property name="jpaVendorAdapter">
			<bean class="org.springframework.orm.jpa.vendor.HibernateJpaVendorAdapter">
				<property name="showSql" value="true" />
				<property name="database" value="H2" />
			</bean>
		</property>
		<property name="packagesToScan" value="rewardsonline.accounts" />
		<property name="jpaProperties">
			<props>
				<prop key="hibernate.format_sql">true</prop>
			</props>
		</property>
	</bean>

	<!--  Spring's JPA Transaction Manager -->
	<bean id="transactionManager" class="org.springframework.orm.jpa.JpaTransactionManager">
		<property name="entityManagerFactory" ref="emFactory" />
	</bean>
</beans>

